{
  "path": "/Users/username/projects/ultra.io/uniq_factories/uf/uniq_factory",
  "defaultTokenPath": "/Users/username/projects/ultra.io/uniq_factories/uf/default_uniq",
  "contract": {
    "firsthand": {
      "maxMintableTokens": 30,
      "hidden": false,
      "prices": [
        {
          "currency": "USD",
          "amount": 1.4
        },
        {
          "currency": "EUR",
          "amount": 3.4
        },
        {
          "currency": "CAD",
          "amount": 4
        },
        {
          "currency": "AUD",
          "amount": 5
        },
        {
          "currency": "GBP",
          "amount": 1.2
        }
      ]
    },
    "secondhand": {
      "revenueShare": [
        {
          "account": {
            "blockchainId": "ultra.nft.ft"
          },
          "basisPoints": 1000
        }
      ]
    }
  }
}
